date,season,neutral,playoff,team1,team2,elo1_pre,elo2_pre,elo_prob1,elo_prob2,elo1_post,elo2_post,qbelo1_pre,qbelo2_pre,qb1,qb2,qb1_value_pre,qb2_value_pre,qb1_adj,qb2_adj,qbelo_prob1,qbelo_prob2,qb1_game_value,qb2_game_value,qb1_value_post,qb2_value_post,qbelo1_post,qbelo2_post,score1,score2
9/5/2019,2019,0,,CHI,GB,1588.897931,1455.13137,0.758448519,0.241551481,1554.222031,1489.807271,1560.45369,1519.195907,Mitchell Trubisky,Aaron Rodgers,174.9582689,191.5021665,5.972961817,2.878459529,0.640181642,0.359818358,-36.62708336,74.72930727,153.7997337,179.8248805,1532.560287,1547.08931,3,10
9/8/2019,2019,0,,CLE,TEN,1455.886401,1518.907204,0.502848264,0.497151736,1421.319814,1553.473791,1508.718318,1502.788081,Baker Mayfield,Marcus Mariota,172.0030933,129.5163322,7.658327563,-0.985090702,0.601345066,0.398654934,-11.00848604,197.9325311,153.7019354,136.3579521,1466.032539,1545.473861,13,43
9/8/2019,2019,0,,PHI,WSH,1581.513559,1441.021792,0.765469854,0.234530146,1589.200034,1433.335317,1583.233048,1423.636541,Carson Wentz,Case Keenum,183.5091928,139.224134,2.60080341,3.412303396,0.77438955,0.22561045,355.544272,364.2890062,200.7127007,161.7306212,1590.600395,1416.269194,32,27
9/8/2019,2019,0,,CAR,LAR,1519.378772,1598.015666,0.480385004,0.519614996,1506.141723,1611.252716,1513.588466,1590.227021,Cam Newton,Jared Goff,177.316184,154.3240457,1.455571531,-2.025650298,0.475029617,0.524970383,49.37575729,64.1642284,164.5221413,145.308064,1500.520997,1603.294491,27,30
9/8/2019,2019,0,,JAX,KC,1455.249073,1602.077427,0.384369676,0.615630324,1435.177771,1622.148729,1483.650361,1607.646375,Nick Foles,Patrick Mahomes,171.8371046,221.8118106,14.39234982,6.970182024,0.415644819,0.584355181,88.35474029,433.1874805,163.4888682,242.9493776,1461.728341,1629.568396,26,40
9/8/2019,2019,0,,NYJ,BUF,1384.966442,1448.423682,0.502220197,0.497779803,1377.999306,1455.390818,1451.591031,1462.674073,Sam Darnold,Josh Allen,115.4844142,151.0071701,-0.072717332,12.82243459,0.546113784,0.453886216,112.0627415,182.0050721,115.1422469,154.1069603,1443.908065,1470.357039,16,17
9/8/2019,2019,0,,MIA,BAL,1415.178762,1570.539249,0.372815575,0.627184425,1387.160301,1598.55771,1375.955966,1536.472498,Ryan Fitzpatrick,Lamar Jackson,160.8118636,122.9044873,12.77091651,-9.249038326,0.387249692,0.612750308,21.07686283,422.4797822,146.8383635,152.8620168,1346.716851,1565.711613,10,59
9/8/2019,2019,0,,MIN,ATL,1538.423954,1520.315825,0.617372078,0.382627922,1559.316056,1499.423723,1539.692552,1522.498529,Kirk Cousins,Matt Ryan,175.3251527,230.5382794,0.3678196,10.92020723,0.592844833,0.407155167,127.8615809,210.6226858,170.5787955,228.54672,1562.09892,1500.092161,28,12
9/8/2019,2019,0,,LAC,IND,1585.751918,1561.074565,0.626264467,0.373735533,1599.72736,1547.099123,1582.690447,1506.974999,Philip Rivers,Jacoby Brissett,167.6220481,108.2060528,-2.392167948,-27.58756673,0.718804742,0.281195258,244.6214025,218.1742412,175.3219835,119.2028716,1592.878992,1496.786454,30,24
9/8/2019,2019,0,,SEA,CIN,1565.411649,1428.533515,0.761714804,0.238285196,1568.437337,1425.507827,1543.856709,1414.958485,Russell Wilson,Andy Dalton,177.2046469,123.092296,1.428019209,-1.222174606,0.753839702,0.246160298,111.4373283,295.6505811,170.627915,140.3481245,1546.992124,1411.82307,21,20
9/8/2019,2019,0,,DAL,NYG,1546.637605,1442.725536,0.725584874,0.274415126,1561.645312,1427.717829,1542.741752,1424.967583,Dak Prescott,Eli Manning,181.3818319,135.9538942,4.648537298,-1.390758015,0.742930299,0.257069701,503.5736794,262.3831966,213.6010166,148.5968244,1556.709761,1410.999574,35,17
9/8/2019,2019,0,,TB,SF,1444.772669,1422.631825,0.622840671,0.377159329,1409.647711,1457.756782,1443.868453,1478.889255,Jameis Winston,Jimmy Garoppolo,170.5803636,141.9567721,2.151259752,0.619198447,0.545569286,0.454430714,-75.78212157,68.89315866,145.9441151,134.6504108,1413.887149,1508.87056,17,31
9/8/2019,2019,0,,ARI,DET,1383.740422,1490.519409,0.440163339,0.559836661,1385.565349,1488.694482,1383.755106,1463.420036,Kyler Murray,Matthew Stafford,112.90158,141.2385687,5.70833282,-4.964783411,0.489629651,0.510370349,75.8205855,328.5019841,109.1934805,159.9649102,1384.071386,1463.103756,27,27
9/8/2019,2019,0,,NE,PIT,1640.856488,1572.19322,0.683397064,0.316602936,1661.355272,1551.694436,1635.077314,1557.331385,Tom Brady,Ben Roethlisberger,215.6595198,250.0246905,5.38361758,11.7444047,0.676629408,0.323370592,348.1398712,116.7115697,228.9075549,236.6933784,1656.062865,1536.345834,33,3
9/9/2019,2019,0,,NO,HOU,1610.936603,1515.388531,0.715894873,0.284105127,1616.754464,1509.57067,1596.198502,1526.880883,Drew Brees,Deshaun Watson,224.3812275,191.7595376,7.67901526,5.778882857,0.675670166,0.324329834,319.01734,225.139562,233.8448388,195.0975401,1602.934385,1520.145,30,28
9/9/2019,2019,0,,OAK,DEN,1405.440618,1449.164195,0.530581016,0.469418984,1425.871408,1428.733404,1416.513913,1459.852719,Derek Carr,Joe Flacco,137.0900667,146.8849846,-3.553793322,2.159314295,0.513941852,0.486058148,294.574405,151.0267941,152.8385006,147.2991656,1437.779822,1438.586811,24,16
9/12/2019,2019,0,,CAR,TB,1506.141723,1409.647711,0.717001079,0.282998921,1476.026695,1439.76274,1500.520997,1413.887149,Cam Newton,Jameis Winston,164.5221413,145.9441151,-5.014228382,-10.27442749,0.702107007,0.297892993,55.18479174,111.082308,153.5884064,142.4579344,1471.212077,1443.196069,14,20
9/15/2019,2019,0,,WSH,DAL,1433.335317,1561.645312,0.4098848,0.5901152,1414.227959,1580.752671,1416.269194,1556.709761,Case Keenum,Dak Prescott,161.7306212,213.6010166,14.49493184,20.52570281,0.377841001,0.622158999,226.4603278,428.4833494,168.2035919,235.0892499,1398.835285,1574.143669,21,31
9/15/2019,2019,0,,HOU,JAX,1509.57067,1435.177771,0.690489773,0.309510227,1513.60573,1431.142712,1520.145,1461.728341,Deshaun Watson,Gardner Minshew,195.0975401,32.64624,7.158939934,-121.344014,0.804020444,0.195979556,24.07439748,189.182764,177.9952258,48.2998924,1522.589391,1459.283951,13,12
9/15/2019,2019,0,,NYG,BUF,1427.717829,1455.390818,0.553512159,0.446487841,1397.221631,1485.887015,1410.999574,1470.357039,Eli Manning,Josh Allen,148.5968244,154.1069603,5.000245003,13.73120796,0.482772295,0.517227705,79.36589547,195.5512865,141.6737315,158.2513929,1384.993706,1496.362907,14,28
9/15/2019,2019,0,,DET,LAC,1488.694482,1599.72736,0.434138302,0.565861698,1504.718793,1583.703049,1463.103756,1592.878992,Matthew Stafford,Philip Rivers,159.9649102,175.3219835,4.646626529,1.577408172,0.409145637,0.590854363,196.0118201,139.3158472,163.5696012,171.7213699,1479.975307,1576.007441,13,10
9/15/2019,2019,0,,CIN,SF,1425.507827,1457.756782,0.546993431,0.453006569,1389.7616,1493.503009,1411.82307,1508.87056,Andy Dalton,Jimmy Garoppolo,140.3481245,134.6504108,7.466848381,-3.064942149,0.466439441,0.533560559,135.8732755,277.1017529,139.9006396,148.895545,1382.110291,1538.583339,17,41
9/15/2019,2019,0,,BAL,ARI,1598.55771,1385.565349,0.832053696,0.167946304,1604.360622,1379.762438,1565.711613,1384.071386,Lamar Jackson,Kyler Murray,152.8620168,109.1934805,6.192178336,3.568866454,0.805901795,0.194098205,402.7931759,184.6593107,177.8551327,116.7400636,1572.502227,1377.280773,23,17
9/15/2019,2019,0,,GB,MIN,1489.807271,1559.316056,0.4935117,0.5064883,1507.994649,1541.128678,1547.08931,1562.09892,Aaron Rodgers,Kirk Cousins,179.8248805,170.5787955,-3.104106407,-2.023749966,0.557225547,0.442774453,200.0578425,17.97056182,181.8481767,155.3179721,1562.6733,1546.514929,21,16
9/15/2019,2019,0,,TEN,IND,1553.473791,1547.099123,0.601295419,0.398704581,1539.818977,1560.753937,1545.473861,1496.786454,Marcus Mariota,Jacoby Brissett,136.3579521,119.2028716,2.484973779,-20.70977897,0.67615702,0.32384298,101.3466234,125.1382293,132.8568192,119.7964074,1529.700259,1512.560056,17,19
9/15/2019,2019,0,,MIA,NE,1387.160301,1661.355272,0.23072481,0.76927519,1371.214442,1677.301131,1346.716851,1656.062865,Ryan Fitzpatrick,Tom Brady,146.8383635,228.9075549,5.145620647,11.73845427,0.186361077,0.813638923,-186.1577178,256.1220841,113.5387554,231.6290079,1334.082673,1668.697043,0,43
9/15/2019,2019,0,,PIT,SEA,1551.694436,1568.437337,0.569004376,0.430995624,1538.911743,1581.22003,1536.345834,1546.992124,Ben Roethlisberger,Russell Wilson,236.6933784,170.627915,4.491528426,-1.931747679,0.584538185,0.415461815,28.71434307,322.4491687,215.8954749,185.8100404,1523.146355,1560.191603,26,28
9/15/2019,2019,0,,OAK,KC,1425.871408,1622.148729,0.319582091,0.680417909,1408.111377,1639.90876,1437.779822,1629.568396,Derek Carr,Patrick Mahomes,152.8385006,242.9493776,4.498113257,17.19045642,0.306070277,0.693929723,31.10329429,418.6617454,140.6649799,260.5206144,1420.849982,1646.498235,10,28
9/15/2019,2019,0,,LAR,NO,1611.252716,1616.754464,0.584797545,0.415202455,1635.059632,1592.947548,1603.294491,1602.934385,Jared Goff,Drew Brees,145.308064,233.8448388,-6.432358647,12.02687012,0.55632177,0.44367823,201.9688749,-12.85673956,150.974145,209.1746809,1628.96358,1577.265296,27,9
9/15/2019,2019,0,,DEN,CHI,1428.733404,1554.222031,0.413818857,0.586181143,1419.884182,1563.071253,1438.586811,1532.560287,Joe Flacco,Mitchell Trubisky,147.2991656,153.7997337,2.258439055,-4.904953888,0.459613156,0.540386844,227.7091329,93.69197577,155.3401623,147.7889579,1428.615551,1542.531547,14,16
9/15/2019,2019,0,,ATL,PHI,1499.423723,1589.200034,0.464404341,0.535595659,1516.860251,1571.763505,1500.092161,1590.600395,Matt Ryan,Carson Wentz,228.54672,200.7127007,9.378417188,11.0725172,0.450447631,0.549552369,151.3408469,48.17479291,220.8261327,185.4589099,1518.063772,1572.628784,24,20
9/16/2019,2019,0,,NYJ,CLE,1377.999306,1421.319814,0.531158868,0.468841132,1345.334919,1453.984201,1443.908065,1466.032539,Trevor Siemian,Baker Mayfield,78.84259025,153.7019354,-36.5398218,-1.875167783,0.500308626,0.499691374,-38.70780441,83.44110955,67.08755078,146.6758528,1413.441078,1496.499526,3,23
9/19/2019,2019,0,,JAX,TEN,1431.142712,1539.818977,0.437473825,0.562526175,1461.434874,1509.526814,1459.283951,1529.700259,Gardner Minshew,Marcus Mariota,48.2998924,132.8568192,-107.4499871,0.610158656,0.331979879,0.668020121,272.6276088,-2.243031379,70.73266405,119.3468342,1496.603379,1492.38083,20,7
9/22/2019,2019,0,,IND,ATL,1560.753937,1516.860251,0.651773152,0.348226848,1569.953484,1507.660704,1512.560056,1518.063772,Jacoby Brissett,Matt Ryan,119.7964074,220.8261327,-19.37752214,5.049202674,0.538457042,0.461542958,318.6423443,368.8255833,139.6810011,235.6260778,1525.202872,1505.420956,27,24
9/22/2019,2019,0,,PHI,DET,1571.763505,1504.718793,0.681377716,0.318622284,1551.665409,1524.816889,1572.628784,1479.975307,Carson Wentz,Matthew Stafford,185.4589099,163.5696012,2.891995949,6.216640697,0.69868388,0.30131612,192.3763459,132.5200956,186.1506535,160.4646507,1551.879159,1500.724932,24,27
9/22/2019,2019,0,,GB,DEN,1507.994649,1419.884182,0.70710701,0.29289299,1521.603749,1406.275082,1562.6733,1428.615551,Aaron Rodgers,Joe Flacco,181.8481767,155.3401623,-1.937252987,6.16601547,0.743268443,0.256731557,189.953668,-21.57167525,182.6587259,137.6489785,1574.444327,1416.844524,27,16
9/22/2019,2019,0,,NE,NYJ,1677.301131,1345.334919,0.907637264,0.092362736,1681.734792,1340.901259,1668.697043,1413.441078,Tom Brady,Luke Falk,231.6290079,23.12442,12.51225802,-84.55348122,0.912827572,0.087172428,261.0653451,-99.66354089,234.5726416,10.84562391,1672.863845,1409.274276,30,14
9/22/2019,2019,0,,MIN,OAK,1541.128678,1408.111377,0.757657462,0.242342538,1554.666512,1394.573542,1546.514929,1420.849982,Kirk Cousins,Derek Carr,155.3179721,140.6649799,-9.552974151,-1.81355272,0.737240045,0.262759955,173.6249492,181.4412414,157.1486698,144.7426061,1561.309298,1406.055613,34,14
9/22/2019,2019,0,,BUF,CIN,1485.887015,1389.7616,0.716570343,0.283429657,1494.387685,1381.26093,1496.362907,1382.110291,Josh Allen,Andy Dalton,158.2513929,139.9006396,15.11686387,6.869763513,0.73707352,0.26292648,185.0029563,122.2238917,160.9265492,138.1329648,1504.189161,1374.284037,21,17
9/22/2019,2019,0,,KC,BAL,1639.90876,1604.360622,0.64079161,0.35920839,1652.218462,1592.05092,1646.498235,1572.502227,Patrick Mahomes,Lamar Jackson,260.5206144,177.8551327,25.11655198,18.37912737,0.690694603,0.309305397,416.9526362,176.3644206,276.1638166,177.7060615,1656.921069,1562.079393,33,28
9/22/2019,2019,0,,DAL,MIA,1580.752671,1371.214442,0.829256783,0.170743217,1590.644257,1361.322856,1574.143669,1334.082673,Dak Prescott,Josh Rosen,235.0892499,51.45360845,30.24353431,-73.84661135,0.91079912,0.08920088,195.4322709,-9.956397622,231.123552,45.31260785,1579.055099,1329.171243,31,6
9/22/2019,2019,0,,ARI,CAR,1379.762438,1476.026695,0.455128168,0.544871832,1353.336042,1502.453091,1377.280773,1471.212077,Kyler Murray,Kyle Allen,116.7400636,29.65161206,7.163714639,-134.1671788,0.652640409,0.347359591,47.08448361,284.2798081,109.7745056,55.11443167,1336.833332,1511.659517,20,38
9/22/2019,2019,0,,TB,NYG,1439.76274,1397.221631,0.650003908,0.349996092,1430.288657,1406.695714,1443.196069,1384.993706,Jameis Winston,Daniel Jones,142.4579344,110.63448,-11.50379647,-29.75056525,0.685659658,0.314340342,199.9300132,321.6718432,148.2051422,131.7382163,1433.067027,1395.122748,31,32
9/22/2019,2019,0,,SEA,NO,1581.22003,1592.947548,0.576070054,0.423929946,1558.244061,1615.923517,1560.191603,1577.265296,Russell Wilson,Teddy Bridgewater,185.8100404,118.0959036,5.755902389,-91.98832964,0.696216803,0.303783197,542.9567222,237.1249169,221.5247085,129.9988049,1531.197336,1606.259562,27,33
9/22/2019,2019,0,,LAC,HOU,1583.703049,1513.60573,0.685180465,0.314819535,1553.342839,1543.96594,1576.007441,1522.589391,Philip Rivers,Deshaun Watson,171.7213699,177.9952258,-0.301769052,-1.750164192,0.659790402,0.340209598,192.5599168,363.7175201,173.8052246,196.5674552,1547.053171,1551.54366,20,27
9/22/2019,2019,0,,SF,PIT,1493.503009,1538.911743,0.528164254,0.471835746,1508.55676,1523.857992,1538.583339,1523.146355,Jimmy Garoppolo,Mason Rudolph,148.895545,78.89508,4.210872065,-143.1323946,0.786794028,0.213205972,121.4930012,80.20590277,146.1552906,79.02616228,1544.804736,1516.924959,24,20
9/22/2019,2019,0,,CLE,LAR,1453.984201,1635.059632,0.338903617,0.661096383,1440.595979,1648.447853,1496.499526,1628.96358,Baker Mayfield,Jared Goff,146.6758528,150.974145,-5.294450687,-3.277700165,0.390259515,0.609740485,9.862388434,139.0838768,132.9945064,149.7851182,1480.821501,1644.641604,13,20
9/23/2019,2019,0,,WSH,CHI,1414.227959,1563.071253,0.381628733,0.618371267,1393.397122,1583.90209,1398.835285,1542.531547,Case Keenum,Mitchell Trubisky,168.2035919,147.7889579,17.00667057,-7.665094089,0.412243318,0.587756682,129.8299673,199.455473,164.3662294,152.9556094,1376.112247,1565.254586,15,31
9/26/2019,2019,0,,GB,PHI,1521.603749,1551.665409,0.55011151,0.44988849,1498.356056,1574.913102,1574.444327,1551.879159,Aaron Rodgers,Carson Wentz,182.6587259,186.1506535,-1.435115775,3.093267949,0.607614128,0.392385872,363.1303818,236.2131995,200.7058915,191.1569081,1548.270589,1578.052897,27,34
9/29/2019,2019,0,,DET,KC,1524.816889,1652.218462,0.411150253,0.588849747,1511.947505,1665.087846,1500.724932,1656.921069,Matthew Stafford,Patrick Mahomes,160.4646507,276.1638166,4.353333381,31.68232547,0.326272891,0.673727109,243.7424906,284.0338196,168.7924346,276.9508169,1490.791361,1666.85464,30,34
9/29/2019,2019,0,,BUF,NE,1494.387685,1681.734792,0.330862529,0.669137471,1482.18948,1693.932996,1504.189161,1672.863845,Josh Allen,Tom Brady,160.9265492,234.5726416,15.69859885,13.35846198,0.347060255,0.652939745,-36.30407283,6.848988146,141.203487,211.8002762,1491.324203,1685.728802,10,16
9/29/2019,2019,0,,MIA,LAC,1361.322856,1553.342839,0.324934566,0.675065434,1342.617428,1572.048267,1329.171243,1547.053171,Josh Rosen,Philip Rivers,45.31260785,173.8052246,-73.22478108,0.755246747,0.212247971,0.787752029,-0.672064865,289.5769484,40.71414057,185.382397,1317.460102,1558.764312,10,30
9/29/2019,2019,0,,ATL,TEN,1507.660704,1509.526814,0.589869974,0.410130026,1474.768849,1542.418669,1505.420956,1492.38083,Matt Ryan,Marcus Mariota,235.6260778,119.3468342,12.19671507,-6.175341808,0.623013027,0.376986973,211.1125194,305.6465181,233.1747219,137.9768026,1470.284159,1527.517627,10,24
9/29/2019,2019,0,,IND,OAK,1569.953484,1394.573542,0.799590697,0.200409303,1532.620282,1431.906745,1525.202872,1406.055613,Jacoby Brissett,Derek Carr,139.6810011,144.7426061,-8.466349187,0.31593799,0.73036774,0.26963226,191.6399927,181.3905951,144.8769002,148.407405,1492.233525,1439.02496,24,31
9/29/2019,2019,0,,HOU,CAR,1543.96594,1502.453091,0.648656118,0.351343882,1517.437013,1528.982017,1551.54366,1511.659517,Deshaun Watson,Kyle Allen,196.5674552,55.11443167,7.623458734,-114.72741,0.781074593,0.218925407,35.78655044,103.368212,180.4893648,59.9398097,1517.751724,1545.451454,10,16
9/29/2019,2019,0,,BAL,CLE,1592.05092,1440.595979,0.776609242,0.223390758,1544.287148,1488.359751,1562.079393,1480.821501,Lamar Jackson,Baker Mayfield,177.7060615,132.9945064,17.3856354,-11.87040137,0.723097911,0.276902089,223.835974,214.9012954,182.3190527,141.1851853,1518.693943,1524.206951,25,40
9/29/2019,2019,0,,NYG,WSH,1406.695714,1393.397122,0.610811103,0.389188897,1429.928829,1370.164006,1395.122748,1376.112247,Daniel Jones,Case Keenum,131.7382163,164.3662294,-17.71116882,14.23765582,0.561361239,0.438638761,173.9389903,-71.46019648,135.9582937,140.7835868,1421.721644,1349.51335,24,3
9/29/2019,2019,0,,LAR,TB,1648.447853,1430.288657,0.836169003,0.163830997,1595.231373,1483.505137,1644.641604,1433.067027,Jared Goff,Jameis Winston,149.7851182,148.2051422,-3.708328568,-8.055002708,0.82911208,0.17088792,262.984542,366.72556,161.1050606,170.057184,1592.115349,1485.593283,40,55
9/29/2019,2019,0,,ARI,SEA,1353.336042,1558.244061,0.308876866,0.691123134,1336.548273,1575.03183,1336.833332,1531.197336,Kyler Murray,Russell Wilson,109.7745056,221.5247085,3.322749909,23.32544136,0.290710706,0.709289294,127.5549621,141.0021087,111.5525512,213.4724486,1321.133802,1546.896866,10,27
9/29/2019,2019,0,,DEN,JAX,1406.275082,1461.434874,0.514157413,0.485842587,1394.927132,1472.782824,1416.844524,1496.603379,Joe Flacco,Gardner Minshew,137.6489785,70.73266405,-2.987877181,-90.86110196,0.598005334,0.401994666,259.1954112,80.43227561,149.8036218,71.7026252,1403.279596,1510.168307,24,26
9/29/2019,2019,0,,CHI,MIN,1583.90209,1554.666512,0.632385325,0.367614675,1600.807967,1537.760635,1565.254586,1561.309298,Mitchell Trubisky,Kirk Cousins,152.9556094,157.1486698,-4.698513632,-8.159976591,0.590838701,0.409161299,27.46547037,94.26475995,140.4065955,150.8602788,1584.323839,1542.240046,16,6
9/29/2019,2019,0,,NO,DAL,1615.923517,1590.644257,0.627075088,0.372924912,1623.794521,1582.773254,1606.259562,1579.055099,Teddy Bridgewater,Dak Prescott,129.9988049,231.123552,-81.43746249,26.74850865,0.465296163,0.534703837,10.96771327,140.2351771,118.0956958,222.0347145,1618.138625,1567.176036,12,10
9/30/2019,2019,0,,PIT,CIN,1523.857992,1381.26093,0.767638532,0.232361468,1537.527006,1367.591915,1516.924959,1374.284037,Mason Rudolph,Andy Dalton,79.02616228,138.1329648,-135.9102337,5.642437943,0.581463385,0.418536615,279.6690995,-162.1453578,99.090456,108.1051326,1543.187489,1348.021507,27,3
10/3/2019,2019,0,,SEA,LAR,1575.03183,1595.231373,0.564118068,0.435881932,1580.953842,1589.309361,1546.896866,1592.115349,Russell Wilson,Jared Goff,213.4724486,161.1050606,18.1330393,2.13705905,0.546873272,0.453126728,388.285573,242.583505,230.953761,169.252905,1553.086628,1585.925588,30,29
10/6/2019,2019,0,,TEN,BUF,1542.418669,1482.18948,0.672800144,0.327199856,1512.74882,1511.85933,1527.517627,1491.324203,Marcus Mariota,Josh Allen,137.9768026,141.203487,3.448409477,5.052137802,0.629505899,0.370494101,37.49282975,140.1331845,127.9284053,141.0964568,1500.193481,1518.648349,7,14
10/6/2019,2019,0,,PIT,BAL,1537.527006,1544.287148,0.583037586,0.416962414,1520.922198,1560.891956,1543.187489,1518.693943,Mason Rudolph,Lamar Jackson,99.090456,182.3190527,-119.0825752,18.82284926,0.41782715,0.58217285,115.3525216,-5.571798896,100.7166626,163.5299676,1531.898539,1529.982893,23,26
10/6/2019,2019,0,,WSH,NE,1370.164006,1693.932996,0.183982667,0.816017333,1359.312811,1704.784191,1349.51335,1685.728802,Colt McCoy,Tom Brady,108.2612985,211.8002762,-30.78783661,1.304356206,0.142451159,0.857548841,126.1874218,309.4183318,110.0539108,221.5620818,1341.289165,1693.952988,7,33
10/6/2019,2019,0,,CAR,JAX,1528.982017,1472.782824,0.667672896,0.332327104,1542.081458,1459.683384,1545.451454,1510.168307,Kyle Allen,Gardner Minshew,59.9398097,71.7026252,-106.5783505,-85.83306628,0.601998532,0.398001468,73.28193166,336.9035139,61.2740219,98.22271408,1561.480137,1494.139623,34,27
10/6/2019,2019,0,,HOU,ATL,1517.437013,1474.768849,0.650170279,0.349829721,1538.05475,1454.151113,1517.751724,1470.284159,Deshaun Watson,Matt Ryan,180.4893648,233.1747219,-0.796759442,10.3612014,0.63224825,0.36775175,628.5804832,328.5060924,225.2984766,242.707859,1539.553595,1448.482288,53,32
10/6/2019,2019,0,,CIN,ARI,1367.591915,1336.548273,0.634801578,0.365198422,1349.188035,1354.952153,1348.021507,1321.133802,Andy Dalton,Kyler Murray,108.1051326,111.5525512,-9.653600085,4.04563524,0.605650753,0.394349247,257.3382943,327.6919355,123.0284487,133.1664897,1330.640428,1338.514882,23,26
10/6/2019,2019,0,,PHI,NYJ,1574.913102,1340.901259,0.848289842,0.151710158,1583.615981,1332.198379,1578.052897,1409.274276,Carson Wentz,Luke Falk,191.1569081,10.84562391,5.441731851,-86.46520521,0.860469687,0.139530313,113.3383688,-314.0698462,183.3750542,-21.6459231,1586.002948,1401.324225,31,6
10/6/2019,2019,1,,OAK,CHI,1431.906745,1600.807967,0.27442756,0.72557244,1453.696777,1579.017935,1439.02496,1584.323839,Derek Carr,Chase Daniel,148.407405,31.41935709,2.132540543,-119.7253333,0.466316776,0.533683224,262.767813,50.6842841,159.8434458,33.34584979,1453.981159,1569.367639,24,21
10/6/2019,2019,0,,NO,TB,1623.794521,1483.505137,0.765260639,0.234739361,1632.723832,1474.575826,1618.138625,1485.593283,Teddy Bridgewater,Jameis Winston,118.0956958,170.057184,-83.31714395,3.273768318,0.643859749,0.356140251,354.7416059,26.59970927,141.7602868,155.7114365,1632.28846,1471.443447,31,24
10/6/2019,2019,0,,NYG,MIN,1429.928829,1537.760635,0.438670456,0.561329544,1404.589395,1563.100069,1421.721644,1542.240046,Daniel Jones,Kirk Cousins,135.9582937,150.8602788,-14.71557168,-10.89617326,0.407125441,0.592874559,24.07848787,260.0991044,124.7703131,161.7841614,1398.437572,1565.524118,10,28
10/6/2019,2019,0,,LAC,DEN,1572.048267,1394.927132,0.801192033,0.198807967,1534.60703,1432.368369,1558.764312,1403.279596,Philip Rivers,Joe Flacco,185.382397,149.8036218,6.506070599,3.238838311,0.777215799,0.222784201,87.26695285,56.74782939,175.5708526,140.4980426,1522.902513,1439.141395,13,20
10/6/2019,2019,0,,DAL,GB,1582.773254,1498.356056,0.702684582,0.297315418,1546.618451,1534.51086,1567.176036,1548.270589,Dak Prescott,Aaron Rodgers,222.0347145,200.7058915,20.86666447,7.660222812,0.627909271,0.372090729,222.0588306,109.0556186,222.0371261,191.5408642,1535.764986,1579.681639,24,34
10/6/2019,2019,0,,KC,IND,1665.087846,1532.620282,0.757075939,0.242924061,1632.718394,1564.989733,1666.85464,1492.233525,Patrick Mahomes,Jacoby Brissett,276.9508169,144.8769002,30.49170935,-5.445082145,0.823315273,0.176684727,136.9773564,114.0416571,262.9534708,141.7933759,1630.380277,1528.707888,13,19
10/7/2019,2019,0,,SF,CLE,1508.55676,1488.359751,0.620208527,0.379791473,1533.180585,1463.735926,1544.804736,1524.206951,Jimmy Garoppolo,Baker Mayfield,146.1552906,141.1851853,2.630201274,-7.181541852,0.632157071,0.367842929,154.5304663,-190.8081014,146.9928082,107.9858566,1568.561683,1500.450003,31,3
10/10/2019,2019,0,,NE,NYG,1704.784191,1404.589395,0.891119757,0.108880243,1710.556989,1398.816596,1693.952988,1398.437572,Tom Brady,Daniel Jones,221.5620818,124.7703131,6.120041175,-19.57378339,0.897482599,0.102517401,256.9604402,-4.235658248,225.1019176,111.869716,1699.363758,1393.026801,35,14
10/13/2019,2019,1,,TB,CAR,1474.575826,1542.081458,0.404055896,0.595944104,1455.092826,1561.564458,1471.443447,1561.480137,Jameis Winston,Kyle Allen,155.7114365,61.2740219,-4.062793835,-100.5823269,0.505343825,0.494656175,-139.9953707,147.2208167,126.1407558,69.86870137,1446.286339,1586.637245,26,37
10/13/2019,2019,0,,CLE,SEA,1463.735926,1580.953842,0.425413141,0.574586859,1450.359891,1594.329877,1500.450003,1553.086628,Baker Mayfield,Russell Wilson,107.9858566,230.953761,-23.42212909,25.96704356,0.444199679,0.555800321,159.4706208,312.760234,113.134333,239.1344083,1486.400421,1567.13621,28,32
10/13/2019,2019,0,,MIA,WSH,1342.617428,1359.312811,0.569071456,0.430928544,1334.551317,1367.378922,1317.460102,1341.289165,Josh Rosen,Case Keenum,40.71414057,140.7835868,-71.86277566,2.377537395,0.443538424,0.556461576,-144.6562937,125.244392,22.17709714,139.2296673,1311.419539,1347.329728,16,17
10/13/2019,2019,0,,MIN,PHI,1563.100069,1583.615981,0.563670211,0.436329789,1588.285742,1558.430308,1565.524118,1586.002948,Kirk Cousins,Carson Wentz,161.7841614,183.3750542,-4.889423317,1.278718294,0.546341747,0.453658253,339.8199371,274.6308545,179.587739,192.5006342,1591.853012,1559.674054,38,20
10/13/2019,2019,0,,BAL,CIN,1560.891956,1349.188035,0.831014708,0.168985292,1566.733805,1343.346187,1529.982893,1330.640428,Lamar Jackson,Andy Dalton,163.5299676,123.0284487,8.487164212,-1.709261994,0.822379651,0.177620349,397.0736298,88.43118657,186.8843338,119.5687225,1536.14933,1324.473991,23,17
10/13/2019,2019,0,,JAX,NO,1459.683384,1632.723832,0.349342445,0.650657555,1445.834737,1646.572479,1494.139623,1632.28846,Gardner Minshew,Teddy Bridgewater,98.22271408,141.7602868,-68.28136853,-67.31899125,0.384015311,0.615984689,-56.27398517,143.1741261,82.77304415,141.9016707,1478.743356,1647.684728,6,13
10/13/2019,2019,0,,KC,HOU,1632.718394,1538.05475,0.714858244,0.285141756,1600.661787,1570.111357,1630.380277,1539.553595,Patrick Mahomes,Deshaun Watson,262.9534708,225.2984766,21.96845086,21.64763445,0.701877928,0.298122072,168.8270788,347.5558652,253.5408316,237.5242155,1599.073256,1570.860616,24,31
10/13/2019,2019,0,,LAR,SF,1589.309361,1533.180585,0.667582948,0.332417052,1552.020498,1570.469448,1585.925588,1568.561683,Jared Goff,Jimmy Garoppolo,169.252905,146.9928082,6.104128318,2.917449995,0.616575539,0.383424461,-51.94140527,158.9575854,147.133474,148.1892859,1552.113732,1602.373539,7,20
10/13/2019,2019,0,,ARI,ATL,1354.952153,1454.151113,0.450942079,0.549057921,1362.683902,1446.419364,1338.514882,1448.482288,Kyler Murray,Matt Ryan,133.1664897,242.707859,14.65032269,14.60970985,0.430612494,0.569387506,377.3377501,417.6876706,157.5836157,260.2058402,1346.586311,1440.410858,34,33
10/13/2019,2019,0,,NYJ,DAL,1332.198379,1546.618451,0.297311962,0.702688038,1348.763057,1530.053773,1401.324225,1535.764986,Sam Darnold,Dak Prescott,115.1422469,222.0371261,38.4004516,19.82453705,0.421054933,0.578945067,234.5791287,251.5177414,127.0859351,224.9851877,1414.373064,1522.716147,24,22
10/13/2019,2019,0,,DEN,TEN,1432.368369,1512.74882,0.4778802,0.5221198,1462.162197,1482.954992,1439.141395,1500.193481,Joe Flacco,Marcus Mariota,140.4980426,127.9284053,-1.575893225,-1.748209638,0.497430686,0.502569314,52.24281625,-189.7101038,131.6725199,96.16455438,1467.642246,1471.69263,16,0
10/13/2019,2019,0,,LAC,PIT,1534.60703,1520.922198,0.611339514,0.388660486,1508.239062,1547.290166,1522.902513,1531.898539,Philip Rivers,Devlin Hodges,175.5708526,28.11204,1.274994862,-184.9199657,0.799831075,0.200168925,174.8530821,122.1867289,175.4990755,37.51950889,1485.553118,1569.247934,17,24
10/14/2019,2019,0,,GB,DET,1534.51086,1511.947505,0.623411841,0.376588159,1539.531645,1506.926719,1579.681639,1490.791361,Aaron Rodgers,Matthew Stafford,191.5408642,168.7924346,2.694698029,8.299558708,0.690568864,0.309431136,203.7984196,98.39218005,192.7666197,161.7524092,1583.715557,1486.757443,23,22
10/17/2019,2019,0,,DEN,KC,1462.162197,1600.661787,0.395775748,0.604224252,1437.506846,1625.317139,1467.642246,1599.073256,Joe Flacco,Patrick Mahomes,131.6725199,253.5408316,-5.90985988,16.16370871,0.364929807,0.635070193,-65.19563702,159.3116924,111.9857042,244.1179177,1445.13367,1621.581832,6,30
10/20/2019,2019,0,,WSH,SF,1367.378922,1570.469448,0.311114734,0.688885266,1353.89775,1583.95062,1347.329728,1602.373539,Case Keenum,Jimmy Garoppolo,139.2296673,148.1892859,1.481700784,3.369816356,0.248600512,0.751399488,26.19195601,4.44281196,127.9258962,133.8146385,1336.800842,1612.902425,0,9
10/20/2019,2019,0,,CIN,JAX,1343.346187,1445.834737,0.446258042,0.553741958,1322.303164,1466.87776,1324.473991,1478.743356,Andy Dalton,Gardner Minshew,119.5687225,82.77304415,-3.353662002,-72.59213507,0.460481578,0.539518422,93.4117108,120.4462393,116.9530213,86.54036366,1302.663071,1500.554277,17,27
10/20/2019,2019,0,,ATL,LAR,1446.419364,1552.020498,0.441834801,0.558165199,1417.50726,1580.932601,1440.410858,1552.113732,Matt Ryan,Jared Goff,260.2058402,147.133474,22.62821494,-5.260793614,0.461298218,0.538701782,-45.37400285,244.5871536,229.6478559,156.878842,1410.040054,1582.484536,10,37
10/20/2019,2019,0,,BUF,MIA,1511.85933,1334.551317,0.801363327,0.198636673,1520.440408,1325.970239,1518.648349,1311.419539,Josh Allen,Ryan Fitzpatrick,141.0964568,113.5387554,4.746015783,13.82349961,0.830516149,0.169483851,170.7584634,281.7644793,144.0626574,130.3613277,1525.870144,1304.197744,31,21
10/20/2019,2019,0,,GB,OAK,1539.531645,1453.696777,0.704386697,0.295613303,1555.822996,1437.405427,1583.715557,1453.981159,Aaron Rodgers,Derek Carr,192.7666197,159.8434458,3.172840901,7.743933914,0.746326285,0.253673715,556.9763609,290.7788621,229.1875938,172.9369874,1597.481132,1440.215584,42,24
10/20/2019,2019,0,,DET,MIN,1506.926719,1588.285742,0.476474856,0.523525144,1482.664454,1612.548008,1486.757443,1591.853012,Matthew Stafford,Kirk Cousins,161.7524092,179.587739,4.364568043,4.256836634,0.431613581,0.568386419,355.9056028,391.5747897,181.1677285,200.786444,1465.087132,1613.523323,30,42
10/20/2019,2019,0,,NYG,ARI,1398.816596,1362.683902,0.641565785,0.358434215,1372.644912,1388.855586,1393.026801,1346.586311,Daniel Jones,Kyler Murray,111.869716,157.5836157,-25.04539279,26.12636958,0.583896194,0.416103806,-42.13042192,38.48870917,96.4697022,145.674125,1369.677992,1369.935121,21,27
10/20/2019,2019,0,,IND,HOU,1564.989733,1570.111357,0.585328756,0.414671244,1581.778479,1553.322612,1528.707888,1570.860616,Jacoby Brissett,Deshaun Watson,141.7933759,237.5242155,-6.714590197,26.67812216,0.475471274,0.524528726,342.8420159,140.9847796,161.8982399,227.8702719,1550.692888,1548.875616,30,23
10/20/2019,2019,0,,TEN,LAC,1482.954992,1508.239062,0.556908159,0.443091841,1495.02226,1496.171794,1471.69263,1485.553118,Ryan Tannehill,Philip Rivers,108.6030218,175.4990755,-5.104257239,1.175356594,0.551050035,0.448949965,250.3536835,296.1069664,122.7780879,187.5598646,1483.941965,1473.303783,23,20
10/20/2019,2019,0,,CHI,NO,1579.017935,1646.572479,0.496323783,0.503676217,1554.380178,1671.210236,1569.367639,1647.684728,Mitchell Trubisky,Teddy Bridgewater,140.4065955,141.9016707,-5.715074586,-63.88234972,0.544062152,0.455937848,201.5960051,266.4257133,146.5255365,154.354075,1541.946147,1675.10622,25,36
10/20/2019,2019,0,,SEA,BAL,1594.329877,1566.733805,0.630188564,0.369811436,1558.69854,1602.365142,1567.13621,1536.14933,Russell Wilson,Lamar Jackson,239.1344083,186.8843338,28.75901503,19.73998911,0.645785798,0.354214202,122.5859183,254.0933808,227.4795593,193.6052385,1530.418569,1572.866971,16,30
10/20/2019,2019,0,,DAL,PHI,1530.053773,1558.430308,0.552511056,0.447488944,1559.38794,1529.096141,1522.716147,1559.674054,Dak Prescott,Carson Wentz,224.9851877,192.5006342,20.30734096,5.777572393,0.554223857,0.445776143,207.2952313,53.52646329,223.216192,178.6032171,1551.922314,1530.467887,37,10
10/21/2019,2019,0,,NYJ,NE,1348.763057,1710.556989,0.153360554,0.846639446,1339.232674,1720.087372,1414.373064,1699.363758,Sam Darnold,Tom Brady,127.0859351,225.1019176,42.4522731,7.583957035,0.246143377,0.753856623,-203.3775843,182.4781454,94.03958318,220.8395404,1398.422959,1715.313863,0,33
10/24/2019,2019,0,,MIN,WSH,1612.548008,1353.89775,0.865655618,0.134344382,1618.164604,1348.281154,1613.523323,1336.800842,Kirk Cousins,Case Keenum,200.786444,127.9258962,14.64334734,-4.244269821,0.884924282,0.115075718,190.3069624,53.28661366,199.7384959,120.4619679,1618.276489,1332.047676,19,9
10/27/2019,2019,0,,JAX,NYJ,1466.87776,1339.232674,0.751934101,0.248065899,1479.231492,1326.878942,1500.554277,1398.422959,Gardner Minshew,Sam Darnold,86.54036366,94.03958318,-67.07886855,23.80648348,0.598853024,0.401146976,265.7205291,-89.49258372,104.4583802,75.68636649,1521.614468,1377.362768,29,15
10/27/2019,2019,0,,BUF,PHI,1520.440408,1529.096141,0.580382473,0.419617527,1485.364051,1564.172498,1525.870144,1530.467887,Josh Allen,Carson Wentz,144.0626574,178.6032171,5.991815325,-1.460014774,0.584028334,0.415971666,77.7667607,187.1225463,137.4330678,179.4551501,1490.530518,1565.807513,13,31
10/27/2019,2019,1,,LAR,CIN,1580.932601,1322.303164,0.815896697,0.184103303,1589.854923,1313.380842,1582.484536,1302.663071,Jared Goff,Andy Dalton,156.878842,116.9530213,-0.125069956,-4.493829488,0.836980431,0.163019569,258.9302183,158.4909883,167.0839796,121.106818,1590.303771,1294.843835,24,10
10/27/2019,2019,0,,TEN,TB,1495.02226,1455.092826,0.646576023,0.353423977,1505.880646,1444.23444,1483.941965,1446.286339,Ryan Tannehill,Jameis Winston,122.7780879,126.1407558,2.238488711,-18.64499451,0.661019206,0.338980794,125.6360668,127.8179091,123.0638858,126.3084711,1494.306756,1435.921549,27,23
10/27/2019,2019,0,,ATL,SEA,1417.50726,1558.69854,0.392076456,0.607923544,1401.747072,1574.458728,1410.040054,1530.418569,Matt Schaub,Russell Wilson,123.1482186,227.4795593,-100.2818252,21.49363978,0.263635651,0.736364349,325.5050027,102.3040869,143.383897,214.9620121,1399.898321,1540.560302,20,27
10/27/2019,2019,0,,CHI,LAC,1554.380178,1496.171794,0.670234194,0.329765806,1544.537534,1506.014438,1541.946147,1473.303783,Mitchell Trubisky,Philip Rivers,146.5255365,187.5598646,-2.369850377,7.146983311,0.667474117,0.332525883,45.41229035,141.5307187,136.4142119,182.95695,1532.154242,1483.095688,16,17
10/27/2019,2019,0,,NO,ARI,1671.210236,1388.855586,0.880748152,0.119251848,1677.668776,1382.397046,1675.10622,1369.935121,Drew Brees,Kyler Murray,209.1746809,145.674125,0.358575864,18.86530577,0.880512954,0.119487046,386.3023902,39.35249586,226.8874519,135.0419621,1681.578486,1363.462855,31,9
10/27/2019,2019,0,,IND,DEN,1581.778479,1437.506846,0.769353507,0.230646493,1586.406105,1432.87922,1550.692888,1445.13367,Jacoby Brissett,Joe Flacco,161.8982399,111.9857042,3.673571312,-15.45777473,0.7421989,0.2578011,104.1223988,75.16183162,156.1206558,108.303317,1555.920837,1439.905721,15,13
10/27/2019,2019,0,,DET,NYG,1482.664454,1372.644912,0.732529331,0.267470669,1491.54299,1363.766376,1465.087132,1369.677992,Matthew Stafford,Daniel Jones,181.1677285,96.4697022,13.85399932,-31.49313005,0.757278726,0.242721274,236.1805647,320.4823412,186.6690122,118.8709661,1473.068048,1361.697075,31,26
10/27/2019,2019,0,,SF,CAR,1583.95062,1561.564458,0.623172345,0.376827655,1610.506424,1535.008653,1612.902425,1586.637245,Jimmy Garoppolo,Kyle Allen,133.8146385,69.86870137,-3.98599816,-91.2558708,0.735571129,0.264428871,142.8506888,-218.3613508,134.7182435,41.04569616,1630.829242,1568.710428,51,13
10/27/2019,2019,0,,HOU,OAK,1553.322612,1437.405427,0.739128345,0.260871655,1560.005908,1430.72213,1548.875616,1440.215584,Deshaun Watson,Derek Carr,227.8702719,172.9369874,20.51724426,13.90350803,0.734535965,0.265464035,274.6638339,269.5662061,232.5496281,182.5999093,1555.688338,1433.402863,27,24
10/27/2019,2019,0,,NE,CLE,1720.087372,1450.359891,0.872899939,0.127100061,1726.062179,1444.385084,1715.313863,1486.400421,Tom Brady,Baker Mayfield,220.8395404,113.134333,5.073570569,-19.67678443,0.856832746,0.143167254,141.6585133,115.6375859,212.9214377,113.3846583,1722.108048,1479.606236,27,13
10/27/2019,2019,0,,KC,GB,1625.317139,1555.822996,0.68443101,0.31556899,1594.998993,1586.141142,1621.581832,1597.481132,Matt Moore,Aaron Rodgers,114.373692,229.1875938,-119.1001594,21.22468591,0.415594835,0.584405165,236.60621,265.0604358,126.5969438,232.774878,1604.750772,1614.312192,24,31
10/28/2019,2019,0,,PIT,MIA,1547.290166,1325.970239,0.838646273,0.161353727,1554.825864,1318.434541,1569.247934,1304.197744,Mason Rudolph,Ryan Fitzpatrick,100.7166626,130.3613277,-107.7730793,21.54361083,0.779875393,0.220124607,83.31683125,34.07671898,98.97667943,120.7328669,1579.811266,1293.634413,27,14
10/31/2019,2019,0,,ARI,SF,1382.397046,1610.506424,0.281115911,0.718884089,1375.140838,1617.762632,1363.462855,1630.829242,Kyler Murray,Jimmy Garoppolo,135.0419621,134.7182435,12.60595903,-3.334895738,0.246749751,0.753250249,294.1230078,358.7035617,150.9500667,157.1167754,1357.175561,1637.116535,25,28
11/3/2019,2019,1,,JAX,HOU,1479.231492,1560.005908,0.3858063,0.6141937,1455.577692,1583.659708,1521.614468,1555.688338,Gardner Minshew,Deshaun Watson,104.4583802,232.5496281,-54.76591685,21.83106015,0.345908581,0.654091419,36.93418682,316.2283365,97.70596087,240.9174989,1500.681193,1576.621612,3,26
11/3/2019,2019,0,,CAR,TEN,1535.008653,1505.880646,0.63224136,0.36775864,1551.921945,1488.967355,1568.710428,1494.306756,Kyle Allen,Ryan Tannehill,41.04569616,123.0638858,-101.1045799,2.269463221,0.53932805,0.46067195,66.6133047,235.9944454,43.60245701,134.3569418,1590.53167,1472.485514,30,20
11/3/2019,2019,0,,MIA,NYJ,1318.434541,1326.878942,0.580678714,0.419321286,1336.399573,1308.91391,1293.634413,1377.362768,Ryan Fitzpatrick,Sam Darnold,120.7328669,75.68636649,15.65219985,13.43955096,0.468139028,0.531860972,182.7707937,87.6972807,126.9366595,76.88745791,1317.244692,1353.752488,26,18
11/3/2019,2019,0,,KC,MIN,1594.998993,1618.164604,0.559915247,0.440084753,1606.973039,1606.190558,1604.750772,1618.276489,Matt Moore,Kirk Cousins,126.5969438,199.7384959,-107.0335255,13.38720589,0.390572834,0.609427166,159.488574,194.6837051,129.8861068,199.2330168,1622.262897,1600.764364,26,23
11/3/2019,2019,0,,PIT,IND,1554.825864,1586.406105,0.547947115,0.452052885,1564.609855,1576.622114,1579.811266,1555.920837,Mason Rudolph,Jacoby Brissett,98.97667943,156.1206558,-103.2544169,0.601100692,0.466016728,0.533983272,143.9700311,45.20917404,103.4760146,145.0295076,1591.671578,1544.060525,26,24
11/3/2019,2019,0,,BUF,WSH,1485.364051,1348.281154,0.761928681,0.238071319,1497.454912,1336.190293,1490.530518,1332.047676,Josh Allen,Dwayne Haskins,137.4330678,106.5537,2.377429723,-21.6722884,0.798013656,0.201986344,154.0279053,70.15271003,139.0925515,102.913601,1500.634816,1321.943378,24,9
11/3/2019,2019,0,,PHI,CHI,1564.172498,1544.537534,0.619446135,0.380553865,1580.276227,1528.433805,1565.807513,1532.154242,Carson Wentz,Mitchell Trubisky,179.4551501,136.4142119,-0.961047576,-7.307020164,0.636951767,0.363048233,162.8004738,-19.21528631,177.7896824,120.851262,1581.083394,1516.878361,22,14
11/3/2019,2019,0,,OAK,DET,1430.72213,1491.54299,0.506013976,0.493986024,1451.227479,1471.037641,1433.402863,1473.068048,Derek Carr,Matthew Stafford,182.5999093,186.6690122,18.03979356,15.91194116,0.537029729,0.462970271,232.4845152,251.9869332,187.5883699,193.2008043,1452.434258,1454.036653,31,24
11/3/2019,2019,0,,SEA,TB,1574.458728,1444.23444,0.754693145,0.245306855,1583.227503,1435.465664,1540.560302,1435.921549,Russell Wilson,Jameis Winston,214.9620121,126.3084711,14.16018417,-17.62888712,0.761350298,0.238649702,407.4105545,262.9960436,234.2068663,139.9772284,1549.068712,1427.413139,40,34
11/3/2019,2019,0,,LAC,GB,1506.014438,1586.141142,0.478244669,0.521755331,1535.147006,1557.008574,1483.095688,1614.312192,Philip Rivers,Aaron Rodgers,182.95695,232.774878,4.488176849,21.95709372,0.377795427,0.622204573,184.1521905,101.5179668,183.0764741,219.6491869,1519.013025,1578.394855,26,11
11/3/2019,2019,0,,DEN,CLE,1432.87922,1444.385084,0.576381627,0.423618373,1447.699307,1429.564998,1439.905721,1479.606236,Brandon Allen,Baker Mayfield,22.21758,113.3846583,-102.6118166,-18.56778256,0.409149742,0.590850258,124.9718787,253.9825699,32.49300987,127.4444495,1461.711702,1457.800255,24,19
11/3/2019,2019,0,,BAL,NE,1602.365142,1726.062179,0.416322766,0.583677234,1637.030925,1691.396396,1572.866971,1722.108048,Lamar Jackson,Tom Brady,193.6052385,212.9214377,22.113442,0.860840687,0.433306026,0.566693974,412.1019976,170.2129134,215.4549144,208.6505853,1606.335345,1688.639674,37,20
11/4/2019,2019,0,,NYG,DAL,1363.766376,1559.38794,0.320403486,0.679596514,1345.645418,1577.508897,1361.697075,1551.922314,Daniel Jones,Dak Prescott,118.8709661,223.216192,-18.71784159,18.40747609,0.248968877,0.751031123,107.5764311,249.4178275,117.7415126,225.8363556,1347.976417,1565.642972,18,37
11/7/2019,2019,0,,OAK,LAC,1451.227479,1535.147006,0.472799492,0.527200508,1462.91174,1523.462745,1452.434258,1519.013025,Derek Carr,Philip Rivers,187.5883699,183.0764741,19.63203418,4.32353003,0.507943211,0.492056789,144.5883595,-131.8961224,183.2883688,151.5792144,1463.218791,1508.228492,26,24
11/10/2019,2019,0,,NO,ATL,1677.668776,1401.747072,0.876803589,0.123196411,1617.688147,1461.727701,1681.578486,1399.898321,Drew Brees,Matt Ryan,226.8874519,229.6478559,9.197032532,1.114064095,0.880208015,0.119791985,39.07517357,125.1311621,208.106224,219.1961865,1621.184951,1460.291856,9,26
11/10/2019,2019,0,,TB,ARI,1435.465664,1375.140838,0.672921327,0.327078673,1444.045456,1366.561046,1427.413139,1357.175561,Jameis Winston,Kyler Murray,139.9772284,150.9500667,-9.913064137,19.92971336,0.643518188,0.356481812,111.3846746,259.2963178,137.117973,161.7846918,1436.85647,1347.732229,30,27
11/10/2019,2019,0,,CLE,BUF,1429.564998,1497.454912,0.495841175,0.504158825,1443.561634,1483.458275,1457.800255,1500.634816,Baker Mayfield,Josh Allen,127.4444495,139.0925515,-10.60949786,3.088300112,0.498791825,0.501208175,213.1313655,253.6595758,136.0131411,150.5492539,1471.702001,1486.73307,19,16
11/10/2019,2019,0,,NYJ,NYG,1308.91391,1345.645418,0.540592096,0.459407904,1327.77776,1326.781568,1353.752488,1347.976417,Sam Darnold,Daniel Jones,76.88745791,117.7415126,13.36811912,-18.34667626,0.630047414,0.369952586,224.0432271,203.298545,91.60303483,126.2972158,1368.517637,1333.211268,34,27
11/10/2019,2019,0,,CIN,BAL,1313.380842,1637.030925,0.184085452,0.815914548,1301.485059,1648.926708,1294.843835,1606.335345,Ryan Finley,Lamar Jackson,66.19932,215.4549144,-57.0997377,31.93260786,0.137603575,0.862396425,62.33855871,399.3999984,65.81324387,233.8494228,1286.164209,1615.014971,13,49
11/10/2019,2019,0,,CHI,DET,1528.433805,1471.037641,0.669199989,0.330800011,1541.466331,1458.005115,1516.878361,1454.036653,Mitchell Trubisky,Jeff Driskel,120.851262,29.16902568,-14.72314406,-145.6495384,0.808723594,0.191276406,98.06658042,189.9367411,118.5727939,45.24579722,1524.020265,1446.89475,20,13
11/10/2019,2019,0,,TEN,KC,1488.967355,1606.973039,0.424305055,0.575694945,1505.323075,1590.617319,1472.485514,1622.262897,Ryan Tannehill,Patrick Mahomes,134.3569418,244.1179177,7.802518038,14.19454316,0.360862455,0.639137545,171.3858108,442.7489305,138.0598287,263.981019,1491.043833,1603.704578,35,32
11/10/2019,2019,0,,IND,MIA,1576.622114,1336.399573,0.852833807,0.147166193,1544.748369,1368.273318,1544.060525,1317.244692,Brian Hoyer,Ryan Fitzpatrick,119.1727128,126.9366595,-30.83132328,17.9714862,0.796519942,0.203480058,-97.89129232,77.99782052,97.46631227,122.0427756,1515.325027,1345.98019,12,16
11/10/2019,2019,0,,GB,CAR,1557.008574,1551.921945,0.599516533,0.400483467,1574.064263,1534.866255,1578.394855,1590.53167,Aaron Rodgers,Kyle Allen,219.6491869,43.60245701,14.29639347,-94.77097044,0.709255007,0.290744993,123.5110141,156.100872,210.0353696,54.85229851,1590.330996,1578.595529,24,16
11/10/2019,2019,0,,PIT,LAR,1564.609855,1589.854923,0.556963558,0.443036442,1580.204351,1574.260428,1591.671578,1590.303771,Mason Rudolph,Jared Goff,103.4760146,167.0839796,-95.84202849,4.983752361,0.404435913,0.595564087,113.5727299,-45.85499364,104.4856861,145.7900823,1613.686501,1568.288848,17,12
11/10/2019,2019,0,,DAL,MIN,1577.508897,1606.190558,0.552076748,0.447923252,1559.439944,1624.259511,1565.642972,1600.764364,Dak Prescott,Kirk Cousins,225.8363556,199.2330168,18.79718406,12.46510605,0.542626144,0.457373856,330.3404363,255.9439006,236.2867636,204.9041052,1547.937554,1618.469782,24,28
11/11/2019,2019,0,,SF,SEA,1617.762632,1583.227503,0.639448264,0.360551736,1599.193221,1601.796914,1637.116535,1549.068712,Jimmy Garoppolo,Russell Wilson,157.1167754,234.2068663,8.031114957,23.07460208,0.679743001,0.320256999,-52.13746755,191.6031484,136.1913511,229.9464945,1617.079314,1569.105933,24,27
11/14/2019,2019,0,,CLE,PIT,1443.561634,1580.204351,0.398334719,0.601665281,1477.245335,1546.520649,1471.702001,1613.686501,Baker Mayfield,Mason Rudolph,136.0131411,104.4856861,-5.79467716,-90.5450913,0.497443755,0.502556245,236.9040471,-134.597112,146.1022317,80.57740631,1498.942946,1586.445556,21,7
11/17/2019,2019,0,,WSH,NYJ,1336.190293,1327.77776,0.604104405,0.395895595,1300.063024,1363.905029,1321.943378,1368.517637,Dwayne Haskins,Sam Darnold,102.913601,91.60303483,-22.40872348,20.05750163,0.488132412,0.511867588,-50.44009123,235.392801,87.57823178,105.9820115,1293.831091,1396.629925,17,34
11/17/2019,2019,0,,MIN,DEN,1624.259511,1447.699307,0.800677211,0.199322789,1630.04069,1441.918128,1618.469782,1461.711702,Kirk Cousins,Brandon Allen,204.9041052,32.49300987,14.67739494,-92.34351084,0.846480526,0.153519474,312.1997324,58.36970551,215.6336679,35.08067943,1622.824346,1457.357139,27,23
11/17/2019,2019,0,,CAR,ATL,1534.866255,1461.727701,0.688944516,0.311055484,1486.410747,1510.183209,1578.595529,1460.291856,Kyle Allen,Matt Ryan,54.85229851,219.1961865,-84.40750117,-4.167473798,0.632028425,0.367971575,-127.9122941,204.4217544,36.57583925,217.7187433,1535.075395,1503.81199,3,29
11/17/2019,2019,0,,IND,JAX,1544.748369,1455.577692,0.708369395,0.291630605,1561.342977,1438.983084,1515.325027,1500.681193,Jacoby Brissett,Nick Foles,145.0295076,163.4888682,7.420237988,10.3790766,0.563676971,0.436323029,101.3932107,228.1742205,140.6658779,169.9574034,1541.366319,1474.639901,33,13
11/17/2019,2019,0,,TB,NO,1444.045456,1617.688147,0.348554849,0.651445151,1424.844591,1636.889011,1436.85647,1621.184951,Jameis Winston,Drew Brees,137.117973,208.106224,-10.84703862,-0.653433009,0.311709826,0.688290174,72.97089499,266.0977929,130.7032652,213.9053809,1419.898061,1638.143361,17,34
11/17/2019,2019,0,,DET,DAL,1458.005115,1559.439944,0.447757434,0.552242566,1438.649201,1578.795858,1446.89475,1547.937554,Jeff Driskel,Dak Prescott,45.24579722,236.2867636,-130.3286757,23.0825289,0.245123045,0.754876955,254.9929966,386.1695424,66.22051716,251.2750415,1437.001618,1557.830686,27,35
11/17/2019,2019,0,,BAL,HOU,1648.926708,1583.659708,0.679151926,0.320848074,1670.465858,1562.120558,1615.014971,1576.621612,Lamar Jackson,Deshaun Watson,233.8494228,240.9174989,39.53323167,24.92344256,0.624039694,0.375960306,408.2837685,-81.72207821,251.2928574,208.6535412,1640.719843,1550.916741,41,7
11/17/2019,2019,0,,MIA,BUF,1368.273318,1483.458275,0.428276166,0.571723834,1344.067929,1507.663664,1345.98019,1486.73307,Ryan Fitzpatrick,Josh Allen,122.0427756,150.5492539,14.62596993,8.662236319,0.393540566,0.606459434,130.8310883,415.1695633,122.9216069,177.0112849,1323.981813,1508.731447,20,37
11/17/2019,2019,0,,SF,ARI,1599.193221,1366.561046,0.847264923,0.152735077,1605.645204,1360.109064,1617.079314,1347.732229,Jimmy Garoppolo,Kyler Murray,136.1913511,161.7846918,-2.833152937,24.35054025,0.848810688,0.151189312,334.4717319,326.199282,156.0193892,178.2261508,1623.460675,1341.350868,36,26
11/17/2019,2019,0,,PHI,NE,1580.276227,1691.396396,0.434014864,0.565985136,1562.596685,1709.075938,1581.083394,1688.639674,Carson Wentz,Tom Brady,177.7896824,208.6505853,-1.745729012,-1.317627564,0.425763555,0.574236445,97.43318877,81.04176902,169.7540331,195.8897036,1563.785012,1705.938056,10,17
11/17/2019,2019,0,,OAK,CIN,1462.91174,1301.485059,0.786409455,0.213590545,1470.965789,1293.43101,1463.218791,1286.164209,Derek Carr,Ryan Finley,183.2883688,65.81324387,16.50043195,-54.43778888,0.857037604,0.142962396,174.4662895,-126.3250253,182.4061609,46.59941695,1468.427802,1280.955199,17,10
11/17/2019,2019,0,,LAR,CHI,1574.260428,1541.466331,0.637134393,0.362865607,1590.922061,1524.804697,1568.288848,1524.020265,Jared Goff,Mitchell Trubisky,145.7900823,118.5727939,-5.91238392,-15.12622094,0.652601327,0.347398673,86.35619505,36.58038443,139.8466936,110.3735529,1584.159246,1508.149866,17,7
11/18/2019,2019,1,,LAC,KC,1523.462745,1590.617319,0.4045426,0.5954574,1507.136642,1606.943422,1508.228492,1603.704578,Philip Rivers,Patrick Mahomes,151.5792144,263.981019,-11.6412763,23.41636664,0.320513593,0.679486407,-5.187188693,190.4552326,135.9025741,256.6284404,1495.645311,1616.287759,17,24
11/21/2019,2019,0,,HOU,IND,1562.120558,1561.342977,0.59354654,0.40645346,,,,,Deshaun Watson,Jacoby Brissett,208.6535412,140.6658779,7.545291575,4.867411241,0.600385724,0.399614276,,,,,,,,
11/24/2019,2019,0,,WSH,DET,1300.063024,1438.649201,0.39565656,0.60434344,,,,,Dwayne Haskins,,87.57823178,89.07696884,-28.95597192,-90.4684303,0.464011939,0.535988061,,,,,,,,
11/24/2019,2019,0,,PHI,SEA,1562.596685,1601.796914,0.537060759,0.462939241,,,,,Carson Wentz,Russell Wilson,169.7540331,229.9464945,-5.676267245,19.79068608,0.512549506,0.487450494,,,,,,,,
11/24/2019,2019,0,,NYJ,OAK,1363.905029,1470.965789,0.439763682,0.560236318,,,,,Sam Darnold,Derek Carr,105.9820115,182.4061609,26.24411486,15.23430639,0.506365595,0.493634405,,,,,,,,
11/24/2019,2019,0,,CIN,PIT,1293.43101,1546.520649,0.252989549,0.747010451,,,,,Ryan Finley,Mason Rudolph,46.59941695,80.57740631,-61.3228129,-97.97197664,0.227048061,0.772951939,,,,,,,,
11/24/2019,2019,0,,CHI,NYG,1524.804697,1326.781568,0.819665495,0.180334505,,,,,,Daniel Jones,104.2113367,126.2972158,-24.63174662,-13.15149083,0.755819779,0.244180221,,,,,,,,
11/24/2019,2019,0,,BUF,DEN,1507.663664,1441.918128,0.679751887,0.320248113,,,,,Josh Allen,Brandon Allen,177.0112849,35.08067943,21.46013997,-86.43250052,0.779896969,0.220103031,,,,,,,,
11/24/2019,2019,0,,NO,CAR,1636.889011,1486.410747,0.775632345,0.224367655,,,,,Drew Brees,Kyle Allen,213.9053809,36.57583925,2.278817086,-89.32535574,0.810334042,0.189665958,,,,,,,,
11/24/2019,2019,0,,ATL,TB,1510.183209,1424.844591,0.703791522,0.296208478,,,,,Matt Ryan,Jameis Winston,217.7187433,130.7032652,-4.69782171,-13.51204059,0.702651864,0.297348136,,,,,,,,
11/24/2019,2019,0,,CLE,MIA,1477.245335,1344.067929,0.757826646,0.242173354,,,,,Baker Mayfield,Ryan Fitzpatrick,146.1022317,122.9216069,-0.460398003,14.33408707,0.779617177,0.220382823,,,,,,,,
11/24/2019,2019,0,,TEN,JAX,1505.323075,1438.983084,0.68049635,0.31950365,,,,,Ryan Tannehill,Nick Foles,138.0598287,169.9574034,9.263835589,13.09439039,0.632844406,0.367155594,,,,,,,,
11/24/2019,2019,0,,NE,DAL,1709.075938,1578.795858,0.754752597,0.245247403,,,,,Tom Brady,Dak Prescott,195.8897036,251.2750415,-7.632186999,29.42254139,0.729402131,0.270597869,,,,,,,,
11/24/2019,2019,0,,SF,GB,1605.645204,1574.064263,0.63551831,0.36448169,,,,,Jimmy Garoppolo,Aaron Rodgers,156.0193892,210.0353696,7.222523752,8.774665159,0.597898399,0.402101601,,,,,,,,
11/25/2019,2019,0,,LAR,BAL,1590.922061,1670.465858,0.479082012,0.520917988,,,,,Jared Goff,Lamar Jackson,139.8466936,251.2928574,-8.588459085,46.27828737,0.423601913,0.576398087,,,,,,,,
11/28/2019,2019,0,,DET,CHI,1438.649201,1524.804697,0.469592364,0.530407636,,,,,,Mitchell Trubisky,104.3146033,110.3735529,-75.23079585,-18.46953037,0.397894281,0.602105719,,,,,,,,
11/28/2019,2019,0,,DAL,BUF,1578.795858,1507.663664,0.686464065,0.313535935,,,,,Dak Prescott,Josh Allen,251.2750415,177.0112849,29.42254139,21.46013997,0.662179316,0.337820684,,,,,,,,
11/28/2019,2019,0,,ATL,NO,1510.183209,1636.889011,0.412120273,0.587879727,,,,,Matt Ryan,Drew Brees,217.7187433,213.9053809,-4.69782171,2.278817086,0.380590294,0.619409706,,,,,,,,
12/1/2019,2019,0,,MIA,PHI,1344.067929,1562.596685,0.292394553,0.707605447,,,,,Ryan Fitzpatrick,Carson Wentz,122.9216069,169.7540331,14.33408707,-5.676267245,0.283855569,0.716144431,,,,,,,,
12/1/2019,2019,0,,CAR,WSH,1486.410747,1300.063024,0.809516842,0.190483158,,,,,Kyle Allen,Dwayne Haskins,36.57583925,87.57823178,-89.32535574,-28.95597192,0.796660978,0.203339022,,,,,,,,
12/1/2019,2019,0,,JAX,TB,1438.983084,1424.844591,0.611959832,0.388040168,,,,,Nick Foles,Jameis Winston,169.9574034,130.7032652,13.09439039,-13.51204059,0.687576302,0.312423698,,,,,,,,
12/1/2019,2019,0,,PIT,CLE,1546.520649,1477.245335,0.684158874,0.315841126,,,,,Mason Rudolph,Baker Mayfield,80.57740631,146.1022317,-97.97197664,-0.460398003,0.565035603,0.434964397,,,,,,,,
12/1/2019,2019,0,,CIN,NYJ,1293.43101,1363.905029,0.492122906,0.507877094,,,,,Ryan Finley,Sam Darnold,46.59941695,105.9820115,-61.3228129,26.24411486,0.301467198,0.698532802,,,,,,,,
12/1/2019,2019,0,,IND,TEN,1561.342977,1505.323075,0.667443852,0.332556148,,,,,Jacoby Brissett,Ryan Tannehill,140.6658779,138.0598287,4.867411241,9.263835589,0.642619384,0.357380616,,,,,,,,
12/1/2019,2019,0,,BAL,SF,1670.465858,1605.645204,0.678591789,0.321408211,,,,,Lamar Jackson,Jimmy Garoppolo,251.2928574,156.0193892,46.27828737,7.222523752,0.667581572,0.332418428,,,,,,,,
12/1/2019,2019,0,,NYG,GB,1326.781568,1574.064263,0.259358863,0.740641137,,,,,Daniel Jones,Aaron Rodgers,126.2972158,210.0353696,-13.15149083,8.774665159,0.218857666,0.781142334,,,,,,,,
12/1/2019,2019,0,,ARI,LAR,1360.109064,1590.922061,0.277981471,0.722018529,,,,,Kyler Murray,Jared Goff,178.2261508,139.8466936,31.35374274,-8.588459085,0.336751938,0.663248062,,,,,,,,
12/1/2019,2019,0,,KC,OAK,1606.943422,1470.965789,0.760772659,0.239227341,,,,,Patrick Mahomes,Derek Carr,256.6284404,182.4061609,18.56925898,15.23430639,0.79663413,0.20336587,,,,,,,,
12/1/2019,2019,0,,DEN,LAC,1441.918128,1507.136642,0.499685532,0.500314468,,,,,Brandon Allen,Philip Rivers,35.08067943,135.9025741,-86.43250052,-18.89753264,0.397135781,0.602864219,,,,,,,,
12/1/2019,2019,0,,HOU,NE,1562.120558,1709.075938,0.384196663,0.615803337,,,,,Deshaun Watson,Tom Brady,208.6535412,195.8897036,7.545291575,-7.632186999,0.38895521,0.61104479,,,,,,,,
12/2/2019,2019,0,,SEA,MIN,1601.796914,1630.04069,0.552699996,0.447300004,,,,,Russell Wilson,Kirk Cousins,229.9464945,215.6336679,19.79068608,19.30830656,0.474602663,0.525397337,,,,,,,,
12/5/2019,2019,0,,CHI,DAL,1524.804697,1578.795858,0.515837693,0.484162307,,,,,Mitchell Trubisky,Dak Prescott,110.3735529,251.2750415,-18.46953037,29.42254139,0.443675849,0.556324151,,,,,,,,
12/8/2019,2019,0,,GB,WSH,1574.064263,1300.063024,0.875604446,0.124395554,,,,,Aaron Rodgers,Dwayne Haskins,210.0353696,87.57823178,8.774665159,-28.95597192,0.905217385,0.094782615,,,,,,,,
12/8/2019,2019,0,,MIN,DET,1630.04069,1438.649201,0.813953721,0.186046279,,,,,Kirk Cousins,,215.6336679,143.6784923,19.30830656,-35.86690685,0.847662414,0.152337586,,,,,,,,
12/8/2019,2019,0,,NYJ,MIA,1363.905029,1344.067929,0.619720392,0.380279608,,,,,Sam Darnold,Ryan Fitzpatrick,105.9820115,122.9216069,26.24411486,14.33408707,0.696012513,0.303987487,,,,,,,,
12/8/2019,2019,0,,ATL,CAR,1510.183209,1486.410747,0.625044471,0.374955529,,,,,Matt Ryan,Kyle Allen,217.7187433,36.57583925,-4.69782171,-89.32535574,0.65226389,0.34773611,,,,,,,,
12/8/2019,2019,0,,NO,SF,1636.889011,1605.645204,0.635068659,0.364931341,,,,,Drew Brees,Jimmy Garoppolo,213.9053809,156.0193892,2.278817086,7.222523752,0.602744418,0.397255582,,,,,,,,
12/8/2019,2019,0,,BUF,BAL,1507.663664,1670.465858,0.362854832,0.637145168,,,,,Josh Allen,Lamar Jackson,177.0112849,251.2928574,21.46013997,46.27828737,0.358955361,0.641044639,,,,,,,,
12/8/2019,2019,0,,HOU,DEN,1562.120558,1441.918128,0.743856611,0.256143389,,,,,Deshaun Watson,Brandon Allen,208.6535412,35.08067943,7.545291575,-86.43250052,0.80478921,0.19521079,,,,,,,,
12/8/2019,2019,0,,CLE,CIN,1477.245335,1293.43101,0.807257934,0.192742066,,,,,Baker Mayfield,Ryan Finley,146.1022317,46.59941695,-0.460398003,-61.3228129,0.872910102,0.127089898,,,,,,,,
12/8/2019,2019,0,,TB,IND,1424.844591,1561.342977,0.398533856,0.601466144,,,,,Jameis Winston,Jacoby Brissett,130.7032652,140.6658779,-13.51204059,4.867411241,0.384842339,0.615157661,,,,,,,,
12/8/2019,2019,0,,JAX,LAC,1438.983084,1507.136642,0.495461789,0.504538211,,,,,Nick Foles,Philip Rivers,169.9574034,135.9025741,13.09439039,-18.89753264,0.605382101,0.394617899,,,,,,,,
12/8/2019,2019,0,,OAK,TEN,1470.965789,1505.323075,0.543984423,0.456015577,,,,,Derek Carr,Ryan Tannehill,182.4061609,138.0598287,15.23430639,9.263835589,0.566031569,0.433968431,,,,,,,,
12/8/2019,2019,0,,ARI,PIT,1360.109064,1546.520649,0.332055876,0.667944124,,,,,Kyler Murray,Mason Rudolph,178.2261508,80.57740631,31.35374274,-97.97197664,0.423702226,0.576297774,,,,,,,,
12/8/2019,2019,0,,NE,KC,1709.075938,1606.943422,0.723540483,0.276459517,,,,,Tom Brady,Patrick Mahomes,195.8897036,256.6284404,-7.632186999,18.56925898,0.670459082,0.329540918,,,,,,,,
12/8/2019,2019,0,,LAR,SEA,1590.922061,1601.796914,0.577268286,0.422731714,,,,,Jared Goff,Russell Wilson,139.8466936,229.9464945,-8.588459085,19.79068608,0.56943684,0.43056316,,,,,,,,
12/9/2019,2019,0,,PHI,NYG,1562.596685,1326.781568,0.849620925,0.150379075,,,,,Carson Wentz,Daniel Jones,169.7540331,126.2972158,-5.676267245,-13.15149083,0.844078106,0.155921894,,,,,,,,
12/12/2019,2019,0,,BAL,NYJ,1670.465858,1363.905029,0.894624702,0.105375298,,,,,Lamar Jackson,Sam Darnold,251.2928574,105.9820115,46.27828737,26.24411486,0.863064106,0.136935894,,,,,,,,
12/15/2019,2019,0,,CAR,SEA,1486.410747,1601.796914,0.427992582,0.572007418,,,,,Kyle Allen,Russell Wilson,36.57583925,229.9464945,-89.32535574,19.79068608,0.388209281,0.611790719,,,,,,,,
12/15/2019,2019,0,,PIT,BUF,1546.520649,1507.663664,0.645164006,0.354835994,,,,,Mason Rudolph,Josh Allen,80.57740631,177.0112849,-97.97197664,21.46013997,0.5200996,0.4799004,,,,,,,,
12/15/2019,2019,0,,WSH,PHI,1300.063024,1562.596685,0.242854093,0.757145907,,,,,Dwayne Haskins,Carson Wentz,87.57823178,169.7540331,-28.95597192,-5.676267245,0.202819741,0.797180259,,,,,,,,
12/15/2019,2019,0,,GB,CHI,1574.064263,1524.804697,0.65875049,0.34124951,,,,,Aaron Rodgers,Mitchell Trubisky,210.0353696,110.3735529,8.774665159,-18.46953037,0.721264604,0.278735396,,,,,,,,
12/15/2019,2019,0,,TEN,HOU,1505.323075,1562.120558,0.511802177,0.488197823,,,,,Ryan Tannehill,Deshaun Watson,138.0598287,208.6535412,9.263835589,7.545291575,0.49933015,0.50066985,,,,,,,,
12/15/2019,2019,0,,NYG,MIA,1326.781568,1344.067929,0.568237007,0.431762993,,,,,Daniel Jones,Ryan Fitzpatrick,126.2972158,122.9216069,-13.15149083,14.33408707,0.558859487,0.441140513,,,,,,,,
12/15/2019,2019,0,,KC,DEN,1606.943422,1441.918128,0.789868348,0.210131652,,,,,Patrick Mahomes,Brandon Allen,256.6284404,35.08067943,18.56925898,-86.43250052,0.864001399,0.135998601,,,,,,,,
12/15/2019,2019,0,,DET,TB,1438.649201,1424.844591,0.61150333,0.38849667,,,,,,Jameis Winston,170.3443526,130.7032652,-9.201046553,-13.51204059,0.61367022,0.38632978,,,,,,,,
12/15/2019,2019,0,,CIN,NE,1293.43101,1709.075938,0.117276827,0.882723173,,,,,Ryan Finley,Tom Brady,46.59941695,195.8897036,-61.3228129,-7.632186999,0.08149851,0.91850149,,,,,,,,
12/15/2019,2019,0,,ARI,CLE,1360.109064,1477.245335,0.425528025,0.574471975,,,,,Kyler Murray,Baker Mayfield,178.2261508,146.1022317,31.35374274,-0.460398003,0.409258977,0.590741023,,,,,,,,
12/15/2019,2019,0,,OAK,JAX,1470.965789,1438.983084,0.636053853,0.363946147,,,,,Derek Carr,Nick Foles,182.4061609,169.9574034,15.23430639,13.09439039,0.586023663,0.413976337,,,,,,,,
12/15/2019,2019,0,,SF,ATL,1605.645204,1510.183209,0.715794082,0.284205918,,,,,Jimmy Garoppolo,Matt Ryan,156.0193892,217.7187433,7.222523752,-4.69782171,0.754572812,0.245427188,,,,,,,,
12/15/2019,2019,0,,DAL,LAR,1578.795858,1590.922061,0.575509483,0.424490517,,,,,Dak Prescott,Jared Goff,251.2750415,139.8466936,29.42254139,-8.588459085,0.597917108,0.402082892,,,,,,,,
12/15/2019,2019,0,,LAC,MIN,1507.136642,1630.04069,0.417432429,0.582567571,,,,,Philip Rivers,Kirk Cousins,135.9025741,215.6336679,-18.89753264,19.30830656,0.354286914,0.645713086,,,,,,,,
12/16/2019,2019,0,,NO,IND,1636.889011,1561.342977,0.691906604,0.308093396,,,,,Drew Brees,Jacoby Brissett,213.9053809,140.6658779,2.278817086,4.867411241,0.705833533,0.294166467,,,,,,,,
12/21/2019,2019,0,,TB,HOU,1424.844591,1562.120558,0.397461399,0.602538601,,,,,Jameis Winston,Deshaun Watson,130.7032652,208.6535412,-13.51204059,7.545291575,0.368045685,0.631954315,,,,,,,,
12/21/2019,2019,0,,NE,BUF,1709.075938,1507.663664,0.822531306,0.177468694,,,,,Tom Brady,Josh Allen,195.8897036,177.0112849,-7.632186999,21.46013997,0.784697754,0.215302246,,,,,,,,
12/21/2019,2019,0,,SF,LAR,1605.645204,1590.922061,0.612758722,0.387241278,,,,,Jimmy Garoppolo,Jared Goff,156.0193892,139.8466936,7.222523752,-8.588459085,0.662396479,0.337603521,,,,,,,,
12/22/2019,2019,0,,CLE,BAL,1477.245335,1670.465858,0.323420492,0.676579508,,,,,Baker Mayfield,Lamar Jackson,146.1022317,251.2928574,-0.460398003,46.27828737,0.318326857,0.681673143,,,,,,,,
12/22/2019,2019,0,,ATL,JAX,1510.183209,1438.983084,0.686548224,0.313451776,,,,,Matt Ryan,Nick Foles,217.7187433,169.9574034,-4.69782171,13.09439039,0.595977654,0.404022346,,,,,,,,
12/22/2019,2019,0,,IND,CAR,1561.342977,1486.410747,0.691152885,0.308847115,,,,,Jacoby Brissett,Kyle Allen,140.6658779,36.57583925,4.867411241,-89.32535574,0.711953578,0.288046422,,,,,,,,
12/22/2019,2019,0,,NYJ,PIT,1363.905029,1546.520649,0.336920044,0.663079956,,,,,Sam Darnold,Mason Rudolph,105.9820115,80.57740631,26.24411486,-97.97197664,0.486549473,0.513450527,,,,,,,,
12/22/2019,2019,0,,WSH,NYG,1300.063024,1326.781568,0.554869579,0.445130421,,,,,Dwayne Haskins,Daniel Jones,87.57823178,126.2972158,-28.95597192,-13.15149083,0.50087474,0.49912526,,,,,,,,
12/22/2019,2019,0,,TEN,NO,1505.323075,1636.889011,0.405359104,0.594640896,,,,,Ryan Tannehill,Drew Brees,138.0598287,213.9053809,9.263835589,2.278817086,0.382460018,0.617539982,,,,,,,,
12/22/2019,2019,0,,MIA,CIN,1344.067929,1293.43101,0.660530594,0.339469406,,,,,Ryan Fitzpatrick,Ryan Finley,122.9216069,46.59941695,14.33408707,-61.3228129,0.735263414,0.264736586,,,,,,,,
12/22/2019,2019,0,,LAC,OAK,1507.136642,1470.965789,0.641616297,0.358383703,,,,,Philip Rivers,Derek Carr,135.9025741,182.4061609,-18.89753264,15.23430639,0.57128817,0.42871183,,,,,,,,
12/22/2019,2019,0,,DEN,DET,1441.918128,1438.649201,0.597001679,0.402998321,,,,,Brandon Allen,Matthew Stafford,35.08067943,193.2008043,-86.43250052,13.65540513,0.471100036,0.528899964,,,,,,,,
12/22/2019,2019,0,,PHI,DAL,1562.596685,1578.795858,0.569771794,0.430228206,,,,,Carson Wentz,Dak Prescott,169.7540331,251.2750415,-5.676267245,29.42254139,0.544653065,0.455346935,,,,,,,,
12/22/2019,2019,0,,SEA,ARI,1601.796914,1360.109064,0.853889322,0.146110678,,,,,Russell Wilson,Kyler Murray,229.9464945,178.2261508,19.79068608,31.35374274,0.830131611,0.169868389,,,,,,,,
12/22/2019,2019,0,,CHI,KC,1524.804697,1606.943422,0.475355379,0.524644621,,,,,Mitchell Trubisky,Patrick Mahomes,110.3735529,256.6284404,-18.46953037,18.56925898,0.375275425,0.624724575,,,,,,,,
12/23/2019,2019,0,,MIN,GB,1630.04069,1574.064263,0.667388301,0.332611699,,,,,Kirk Cousins,Aaron Rodgers,215.6336679,210.0353696,19.30830656,8.774665159,0.638812588,0.361187412,,,,,,,,
12/29/2019,2019,0,,NYG,PHI,1326.781568,1562.596685,0.272239295,0.727760705,,,,,Daniel Jones,Carson Wentz,126.2972158,169.7540331,-13.15149083,-5.676267245,0.258889157,0.741110843,,,,,,,,
12/29/2019,2019,0,,BAL,PIT,1670.465858,1546.520649,0.747940083,0.252059917,,,,,Lamar Jackson,Mason Rudolph,251.2928574,80.57740631,46.27828737,-97.97197664,0.812136205,0.187863795,,,,,,,,
12/29/2019,2019,0,,CAR,NO,1486.410747,1636.889011,0.379410183,0.620589817,,,,,Kyle Allen,Drew Brees,36.57583925,213.9053809,-89.32535574,2.278817086,0.312369754,0.687630246,,,,,,,,
12/29/2019,2019,0,,DAL,WSH,1578.795858,1300.063024,0.878540939,0.121459061,,,,,Dak Prescott,Dwayne Haskins,251.2750415,87.57823178,29.42254139,-28.95597192,0.900266765,0.099733235,,,,,,,,
12/29/2019,2019,0,,JAX,IND,1438.983084,1561.342977,0.418194373,0.581805627,,,,,Nick Foles,Jacoby Brissett,169.9574034,140.6658779,13.09439039,4.867411241,0.498998993,0.501001007,,,,,,,,
12/29/2019,2019,0,,MIN,CHI,1630.04069,1524.804697,0.727099714,0.272900286,,,,,Kirk Cousins,Mitchell Trubisky,215.6336679,110.3735529,19.30830656,-18.46953037,0.768948434,0.231051566,,,,,,,,
12/29/2019,2019,0,,DET,GB,1438.649201,1574.064263,0.400029623,0.599970377,,,,,Matthew Stafford,Aaron Rodgers,193.2008043,210.0353696,13.65540513,8.774665159,0.370239773,0.629760227,,,,,,,,
12/29/2019,2019,0,,NE,MIA,1709.075938,1344.067929,0.922393811,0.077606189,,,,,Tom Brady,Ryan Fitzpatrick,195.8897036,122.9216069,-7.632186999,14.33408707,0.91812414,0.08187586,,,,,,,,
12/29/2019,2019,0,,BUF,NYJ,1507.663664,1363.905029,0.768829075,0.231170925,,,,,Josh Allen,Sam Darnold,177.0112849,105.9820115,21.46013997,26.24411486,0.719257157,0.280742843,,,,,,,,
12/29/2019,2019,0,,HOU,TEN,1562.120558,1505.323075,0.668436637,0.331563363,,,,,Deshaun Watson,Ryan Tannehill,208.6535412,138.0598287,7.545291575,9.263835589,0.660796891,0.339203109,,,,,,,,
12/29/2019,2019,0,,KC,LAC,1606.943422,1507.136642,0.720854484,0.279145516,,,,,Patrick Mahomes,Philip Rivers,256.6284404,135.9025741,18.56925898,-18.89753264,0.778597754,0.221402246,,,,,,,,
12/29/2019,2019,0,,TB,ATL,1424.844591,1510.183209,0.470763764,0.529236236,,,,,Jameis Winston,Matt Ryan,130.7032652,217.7187433,-13.51204059,-4.69782171,0.448282055,0.551717945,,,,,,,,
12/29/2019,2019,0,,CIN,CLE,1293.43101,1477.245335,0.335380222,0.664619778,,,,,Ryan Finley,Baker Mayfield,46.59941695,146.1022317,-61.3228129,-0.460398003,0.216964675,0.783035325,,,,,,,,
12/29/2019,2019,0,,LAR,ARI,1590.922061,1360.109064,0.845904835,0.154095165,,,,,Jared Goff,Kyler Murray,139.8466936,178.2261508,-8.588459085,31.35374274,0.819633899,0.180366101,,,,,,,,
12/29/2019,2019,0,,DEN,OAK,1441.918128,1470.965789,0.551555688,0.448444312,,,,,Brandon Allen,Derek Carr,35.08067943,182.4061609,-86.43250052,15.23430639,0.422914192,0.577085808,,,,,,,,
12/29/2019,2019,0,,SEA,SF,1601.796914,1605.645204,0.587106742,0.412893258,,,,,Russell Wilson,Jimmy Garoppolo,229.9464945,156.0193892,19.79068608,7.222523752,0.522934237,0.477065763,,,,,,,,
1/4/2020,2019,0,w,,,,,,,,,,,,,,,0,0,,,,,,,,,,
1/4/2020,2019,0,w,,,,,,,,,,,,,,,0,0,,,,,,,,,,
1/5/2020,2019,0,w,,,,,,,,,,,,,,,0,0,,,,,,,,,,
1/5/2020,2019,0,w,,,,,,,,,,,,,,,0,0,,,,,,,,,,
1/11/2020,2019,0,d,,,,,,,,,,,,,,,0,0,,,,,,,,,,
1/11/2020,2019,0,d,,,,,,,,,,,,,,,0,0,,,,,,,,,,
1/12/2020,2019,0,d,,,,,,,,,,,,,,,0,0,,,,,,,,,,
1/12/2020,2019,0,d,,,,,,,,,,,,,,,0,0,,,,,,,,,,
1/19/2020,2019,0,c,,,,,,,,,,,,,,,0,0,,,,,,,,,,
1/19/2020,2019,0,c,,,,,,,,,,,,,,,0,0,,,,,,,,,,
2/2/2020,2019,1,s,,,,,,,,,,,,,,,0,0,,,,,,,,,,
